n_mut,mut_class,species,category,opp
53,C->A,B. pertussis,synonymous,2798171
38,C->G,B. pertussis,synonymous,2798171
467,C->T,B. pertussis,synonymous,2798171
2,T->A,B. pertussis,synonymous,1334159
26,T->C,B. pertussis,synonymous,1334159
5,T->G,B. pertussis,synonymous,1334159
140,C->A,B. pertussis,nonsynonymous,2798171
109,C->G,B. pertussis,nonsynonymous,2798171
566,C->T,B. pertussis,nonsynonymous,2798171
41,T->A,B. pertussis,nonsynonymous,1334159
219,T->C,B. pertussis,nonsynonymous,1334159
142,T->G,B. pertussis,nonsynonymous,1334159
47,C->A,B. pertussis,intergenic,2798171
35,C->G,B. pertussis,intergenic,2798171
236,C->T,B. pertussis,intergenic,2798171
8,T->A,B. pertussis,intergenic,1334159
72,T->C,B. pertussis,intergenic,1334159
42,T->G,B. pertussis,intergenic,1334159
36,C->A,C. jejuni,synonymous,495073
8,C->G,C. jejuni,synonymous,495073
763,C->T,C. jejuni,synonymous,495073
55,T->A,C. jejuni,synonymous,1125382
1277,T->C,C. jejuni,synonymous,1125382
43,T->G,C. jejuni,synonymous,1125382
220,C->A,C. jejuni,nonsynonymous,495073
86,C->G,C. jejuni,nonsynonymous,495073
2421,C->T,C. jejuni,nonsynonymous,495073
123,T->A,C. jejuni,nonsynonymous,1125382
917,T->C,C. jejuni,nonsynonymous,1125382
117,T->G,C. jejuni,nonsynonymous,1125382
6,C->A,C. jejuni,intergenic,495073
0,C->G,C. jejuni,intergenic,495073
38,C->T,C. jejuni,intergenic,495073
5,T->A,C. jejuni,intergenic,1125382
28,T->C,C. jejuni,intergenic,1125382
6,T->G,C. jejuni,intergenic,1125382
1338,C->A,E. coli,synonymous,2412813
311,C->G,E. coli,synonymous,2412813
8851,C->T,E. coli,synonymous,2412813
536,T->A,E. coli,synonymous,2334704
1832,T->C,E. coli,synonymous,2334704
350,T->G,E. coli,synonymous,2334704
2274,C->A,E. coli,nonsynonymous,2412813
763,C->G,E. coli,nonsynonymous,2412813
8086,C->T,E. coli,nonsynonymous,2412813
1362,T->A,E. coli,nonsynonymous,2334704
2316,T->C,E. coli,nonsynonymous,2334704
1345,T->G,E. coli,nonsynonymous,2334704
439,C->A,E. coli,intergenic,2412813
111,C->G,E. coli,intergenic,2412813
1863,C->T,E. coli,intergenic,2412813
273,T->A,E. coli,intergenic,2334704
656,T->C,E. coli,intergenic,2334704
230,T->G,E. coli,intergenic,2334704
92,C->A,H. influenzae,synonymous,686622
16,C->G,H. influenzae,synonymous,686622
655,C->T,H. influenzae,synonymous,686622
112,T->A,H. influenzae,synonymous,1118124
692,T->C,H. influenzae,synonymous,1118124
77,T->G,H. influenzae,synonymous,1118124
397,C->A,H. influenzae,nonsynonymous,686622
94,C->G,H. influenzae,nonsynonymous,686622
1419,C->T,H. influenzae,nonsynonymous,686622
90,T->A,H. influenzae,nonsynonymous,1118124
409,T->C,H. influenzae,nonsynonymous,1118124
186,T->G,H. influenzae,nonsynonymous,1118124
19,C->A,H. influenzae,intergenic,686622
10,C->G,H. influenzae,intergenic,686622
80,C->T,H. influenzae,intergenic,686622
11,T->A,H. influenzae,intergenic,1118124
80,T->C,H. influenzae,intergenic,1118124
20,T->G,H. influenzae,intergenic,1118124
4286,C->A,K. pneumoniae,synonymous,3139983
1284,C->G,K. pneumoniae,synonymous,3139983
19795,C->T,K. pneumoniae,synonymous,3139983
641,T->A,K. pneumoniae,synonymous,2343443
2235,T->C,K. pneumoniae,synonymous,2343443
301,T->G,K. pneumoniae,synonymous,2343443
5099,C->A,K. pneumoniae,nonsynonymous,3139983
2144,C->G,K. pneumoniae,nonsynonymous,3139983
11793,C->T,K. pneumoniae,nonsynonymous,3139983
2993,T->A,K. pneumoniae,nonsynonymous,2343443
3842,T->C,K. pneumoniae,nonsynonymous,2343443
2091,T->G,K. pneumoniae,nonsynonymous,2343443
1337,C->A,K. pneumoniae,intergenic,3139983
458,C->G,K. pneumoniae,intergenic,3139983
3731,C->T,K. pneumoniae,intergenic,3139983
771,T->A,K. pneumoniae,intergenic,2343443
1263,T->C,K. pneumoniae,intergenic,2343443
442,T->G,K. pneumoniae,intergenic,2343443
349,C->A,L. monocytogenes,synonymous,1118356
66,C->G,L. monocytogenes,synonymous,1118356
2037,C->T,L. monocytogenes,synonymous,1118356
346,T->A,L. monocytogenes,synonymous,1826174
1424,T->C,L. monocytogenes,synonymous,1826174
197,T->G,L. monocytogenes,synonymous,1826174
921,C->A,L. monocytogenes,nonsynonymous,1118356
330,C->G,L. monocytogenes,nonsynonymous,1118356
2830,C->T,L. monocytogenes,nonsynonymous,1118356
693,T->A,L. monocytogenes,nonsynonymous,1826174
1111,T->C,L. monocytogenes,nonsynonymous,1826174
468,T->G,L. monocytogenes,nonsynonymous,1826174
112,C->A,L. monocytogenes,intergenic,1118356
31,C->G,L. monocytogenes,intergenic,1118356
349,C->T,L. monocytogenes,intergenic,1118356
101,T->A,L. monocytogenes,intergenic,1826174
221,T->C,L. monocytogenes,intergenic,1826174
76,T->G,L. monocytogenes,intergenic,1826174
1106,C->A,M. tuberculosis,synonymous,2868655
996,C->G,M. tuberculosis,synonymous,2868655
6791,C->T,M. tuberculosis,synonymous,2868655
59,T->A,M. tuberculosis,synonymous,1502873
1123,T->C,M. tuberculosis,synonymous,1502873
432,T->G,M. tuberculosis,synonymous,1502873
2212,C->A,M. tuberculosis,nonsynonymous,2868655
2433,C->G,M. tuberculosis,nonsynonymous,2868655
6990,C->T,M. tuberculosis,nonsynonymous,2868655
428,T->A,M. tuberculosis,nonsynonymous,1502873
3318,T->C,M. tuberculosis,nonsynonymous,1502873
1790,T->G,M. tuberculosis,nonsynonymous,1502873
494,C->A,M. tuberculosis,intergenic,2868655
403,C->G,M. tuberculosis,intergenic,2868655
1631,C->T,M. tuberculosis,intergenic,2868655
71,T->A,M. tuberculosis,intergenic,1502873
619,T->C,M. tuberculosis,intergenic,1502873
313,T->G,M. tuberculosis,intergenic,1502873
141,C->A,N. meningitidis,synonymous,1154482
36,C->G,N. meningitidis,synonymous,1154482
1338,C->T,N. meningitidis,synonymous,1154482
7,T->A,N. meningitidis,synonymous,1094484
207,T->C,N. meningitidis,synonymous,1094484
27,T->G,N. meningitidis,synonymous,1094484
251,C->A,N. meningitidis,nonsynonymous,1154482
56,C->G,N. meningitidis,nonsynonymous,1154482
1576,C->T,N. meningitidis,nonsynonymous,1154482
25,T->A,N. meningitidis,nonsynonymous,1094484
269,T->C,N. meningitidis,nonsynonymous,1094484
136,T->G,N. meningitidis,nonsynonymous,1094484
58,C->A,N. meningitidis,intergenic,1154482
8,C->G,N. meningitidis,intergenic,1154482
340,C->T,N. meningitidis,intergenic,1154482
11,T->A,N. meningitidis,intergenic,1094484
105,T->C,N. meningitidis,intergenic,1094484
22,T->G,N. meningitidis,intergenic,1094484
803,C->A,P. aeruginosa,synonymous,4631347
556,C->G,P. aeruginosa,synonymous,4631347
4796,C->T,P. aeruginosa,synonymous,4631347
55,T->A,P. aeruginosa,synonymous,2428537
448,T->C,P. aeruginosa,synonymous,2428537
94,T->G,P. aeruginosa,synonymous,2428537
1244,C->A,P. aeruginosa,nonsynonymous,4631347
1075,C->G,P. aeruginosa,nonsynonymous,4631347
2894,C->T,P. aeruginosa,nonsynonymous,4631347
648,T->A,P. aeruginosa,nonsynonymous,2428537
1507,T->C,P. aeruginosa,nonsynonymous,2428537
1290,T->G,P. aeruginosa,nonsynonymous,2428537
289,C->A,P. aeruginosa,intergenic,4631347
205,C->G,P. aeruginosa,intergenic,4631347
751,C->T,P. aeruginosa,intergenic,4631347
127,T->A,P. aeruginosa,intergenic,2428537
261,T->C,P. aeruginosa,intergenic,2428537
214,T->G,P. aeruginosa,intergenic,2428537
145,C->A,S. typhimurium,synonymous,2699190
38,C->G,S. typhimurium,synonymous,2699190
569,C->T,S. typhimurium,synonymous,2699190
31,T->A,S. typhimurium,synonymous,2474543
146,T->C,S. typhimurium,synonymous,2474543
32,T->G,S. typhimurium,synonymous,2474543
374,C->A,S. typhimurium,nonsynonymous,2699190
161,C->G,S. typhimurium,nonsynonymous,2699190
820,C->T,S. typhimurium,nonsynonymous,2699190
181,T->A,S. typhimurium,nonsynonymous,2474543
280,T->C,S. typhimurium,nonsynonymous,2474543
238,T->G,S. typhimurium,nonsynonymous,2474543
118,C->A,S. typhimurium,intergenic,2699190
28,C->G,S. typhimurium,intergenic,2699190
236,C->T,S. typhimurium,intergenic,2699190
52,T->A,S. typhimurium,intergenic,2474543
130,T->C,S. typhimurium,intergenic,2474543
73,T->G,S. typhimurium,intergenic,2474543
365,C->A,S. aureus,synonymous,936482
52,C->G,S. aureus,synonymous,936482
2224,C->T,S. aureus,synonymous,936482
543,T->A,S. aureus,synonymous,1920888
2771,T->C,S. aureus,synonymous,1920888
236,T->G,S. aureus,synonymous,1920888
2037,C->A,S. aureus,nonsynonymous,936482
671,C->G,S. aureus,nonsynonymous,936482
6449,C->T,S. aureus,nonsynonymous,936482
1256,T->A,S. aureus,nonsynonymous,1920888
2722,T->C,S. aureus,nonsynonymous,1920888
764,T->G,S. aureus,nonsynonymous,1920888
124,C->A,S. aureus,intergenic,936482
32,C->G,S. aureus,intergenic,936482
374,C->T,S. aureus,intergenic,936482
120,T->A,S. aureus,intergenic,1920888
306,T->C,S. aureus,intergenic,1920888
70,T->G,S. aureus,intergenic,1920888
281,C->A,S. epidermidis,synonymous,849969
51,C->G,S. epidermidis,synonymous,849969
1676,C->T,S. epidermidis,synonymous,849969
603,T->A,S. epidermidis,synonymous,1793871
1457,T->C,S. epidermidis,synonymous,1793871
226,T->G,S. epidermidis,synonymous,1793871
1741,C->A,S. epidermidis,nonsynonymous,849969
433,C->G,S. epidermidis,nonsynonymous,849969
5063,C->T,S. epidermidis,nonsynonymous,849969
1472,T->A,S. epidermidis,nonsynonymous,1793871
1346,T->C,S. epidermidis,nonsynonymous,1793871
606,T->G,S. epidermidis,nonsynonymous,1793871
82,C->A,S. epidermidis,intergenic,849969
19,C->G,S. epidermidis,intergenic,849969
268,C->T,S. epidermidis,intergenic,849969
135,T->A,S. epidermidis,intergenic,1793871
147,T->C,S. epidermidis,intergenic,1793871
61,T->G,S. epidermidis,intergenic,1793871
226,C->A,S. agalactiae,synonymous,743806
17,C->G,S. agalactiae,synonymous,743806
1436,C->T,S. agalactiae,synonymous,743806
140,T->A,S. agalactiae,synonymous,1350181
829,T->C,S. agalactiae,synonymous,1350181
107,T->G,S. agalactiae,synonymous,1350181
1254,C->A,S. agalactiae,nonsynonymous,743806
207,C->G,S. agalactiae,nonsynonymous,743806
3612,C->T,S. agalactiae,nonsynonymous,743806
385,T->A,S. agalactiae,nonsynonymous,1350181
944,T->C,S. agalactiae,nonsynonymous,1350181
393,T->G,S. agalactiae,nonsynonymous,1350181
178,C->A,S. agalactiae,intergenic,743806
27,C->G,S. agalactiae,intergenic,743806
378,C->T,S. agalactiae,intergenic,743806
96,T->A,S. agalactiae,intergenic,1350181
298,T->C,S. agalactiae,intergenic,1350181
68,T->G,S. agalactiae,intergenic,1350181
189,C->A,S. pneumoniae,synonymous,853831
24,C->G,S. pneumoniae,synonymous,853831
1387,C->T,S. pneumoniae,synonymous,853831
56,T->A,S. pneumoniae,synonymous,1300009
541,T->C,S. pneumoniae,synonymous,1300009
100,T->G,S. pneumoniae,synonymous,1300009
542,C->A,S. pneumoniae,nonsynonymous,853831
170,C->G,S. pneumoniae,nonsynonymous,853831
1736,C->T,S. pneumoniae,nonsynonymous,853831
184,T->A,S. pneumoniae,nonsynonymous,1300009
479,T->C,S. pneumoniae,nonsynonymous,1300009
296,T->G,S. pneumoniae,nonsynonymous,1300009
64,C->A,S. pneumoniae,intergenic,853831
7,C->G,S. pneumoniae,intergenic,853831
214,C->T,S. pneumoniae,intergenic,853831
31,T->A,S. pneumoniae,intergenic,1300009
114,T->C,S. pneumoniae,intergenic,1300009
37,T->G,S. pneumoniae,intergenic,1300009
